source_id,councilor_name,council_term,session_name,video_title,video_url,meeting_date,topic_guess,crawled_at,raw_hash
CYCC_QUESTION_VIDEO,,第十屆,第七次定期會,第十屆 第七次定期會 質詢影音 jM3_3wA9dH0,https://www.youtube.com/embed/jM3_3wA9dH0,,其他,2026-05-21T07:26:08.471650+00:00,b7658588fe7656a8e4703408d75b4bd8489e25608352a0c4e6d7017c72d9e942
CYCC_QUESTION_VIDEO,,第十屆,第七次定期會,第十屆 第七次定期會 質詢影音 TmmeZbtoe8o,https://www.youtube.com/embed/TmmeZbtoe8o,,其他,2026-05-21T07:26:08.471650+00:00,b24da8c7d3090dfd23cd7159060509df51f8a12b40e3a0e04c7683df3e4bbf76
CYCC_QUESTION_VIDEO,,第十屆,第七次定期會,第十屆 第七次定期會 質詢影音 pVkss9n92CI,https://www.youtube.com/embed/pVkss9n92CI,,其他,2026-05-21T07:26:08.471650+00:00,b8a7b613f675553cc96e6dc6b019849f4b5a923837d8c67a71a96a84a31c327b
CYCC_QUESTION_VIDEO,,第十屆,第七次定期會,第十屆 第七次定期會 質詢影音 kc3-5UF20wA,https://www.youtube.com/embed/kc3-5UF20wA,,其他,2026-05-21T07:26:08.471650+00:00,1c6ec9d919fbbdff46f0f8141ac439b7cc3838deec2d25a2539c610be2159def
CYCC_QUESTION_VIDEO,,第十屆,第七次定期會,第十屆 第七次定期會 質詢影音 MC9jVE54Q3I,https://www.youtube.com/embed/MC9jVE54Q3I,,其他,2026-05-21T07:26:08.471650+00:00,741edc55e4148ec6821152318ffee64fc7965367fa89f432d320c9bb35103bc9
CYCC_QUESTION_VIDEO,,第十屆,第七次定期會,第十屆 第七次定期會 質詢影音 3iBYXD3aGcQ,https://www.youtube.com/embed/3iBYXD3aGcQ,,其他,2026-05-21T07:26:08.471650+00:00,820cb2c031efa21d6a6ea73e2a2a3cfa34fe6be49dd177b11b0f35279beb94b1
CYCC_QUESTION_VIDEO,,第十屆,第七次定期會,第十屆 第七次定期會 質詢影音 rPYfgfBYxf0,https://www.youtube.com/embed/rPYfgfBYxf0,,其他,2026-05-21T07:26:08.471650+00:00,7b20bb17569f0ed36dfec97b6d8b7b1555106d157871c88de8c9b79de8034ca2
CYCC_QUESTION_VIDEO,,第十屆,第七次定期會,第十屆 第七次定期會 質詢影音 2NeGeA15oiU,https://www.youtube.com/embed/2NeGeA15oiU,,其他,2026-05-21T07:26:08.471650+00:00,a9f0976beb4b71a33555b14292d532f080269312e5dc268e398d86adab5d3b3c
CYCC_QUESTION_VIDEO,,第十屆,第七次定期會,第十屆 第七次定期會 質詢影音 sudjdqotMRs,https://www.youtube.com/embed/sudjdqotMRs,,其他,2026-05-21T07:26:08.471650+00:00,e632c81dba134ff33a404fbbf4fe1701f8e90261379b18cbfff4692ac525a263
CYCC_QUESTION_VIDEO,,第十屆,第七次定期會,第十屆 第七次定期會 質詢影音 KlMY_QxjBdc,https://www.youtube.com/embed/KlMY_QxjBdc,,其他,2026-05-21T07:26:08.471650+00:00,1170443705f529bdbc5d37dc6098c5eaaab02e1e27acb1d4b445153026ec6b8a
CYCC_QUESTION_VIDEO,,第十屆,第七次定期會,第十屆 第七次定期會 質詢影音 gBYdbW5LrGU,https://www.youtube.com/embed/gBYdbW5LrGU,,其他,2026-05-21T07:26:08.471650+00:00,f86533286c29c5d286794023d3a96fadde606460714b58855cf992d43ad3bbf3
CYCC_QUESTION_VIDEO,,第十屆,第七次定期會,第十屆 第七次定期會 質詢影音 6VPPUfQOlPA,https://www.youtube.com/embed/6VPPUfQOlPA,,其他,2026-05-21T07:26:08.471650+00:00,d0c7bdd6622f261634a832e927e4da0003d3304b94a78a3e764e4776bfabc078
CYCC_QUESTION_VIDEO,,第十屆,第七次定期會,第十屆 第七次定期會 質詢影音 eYhVtvB_2FI,https://www.youtube.com/embed/eYhVtvB_2FI,,其他,2026-05-21T07:26:08.471650+00:00,7ada1236f4175c4e10d0b9b35c37fd039e9d405160e67d3cb055530be8604637
CYCC_QUESTION_VIDEO,,第十屆,第七次定期會,第十屆 第七次定期會 質詢影音 TtBv7Np--RU,https://www.youtube.com/embed/TtBv7Np--RU,,其他,2026-05-21T07:26:08.471650+00:00,94503432c357e28498ea3fcb92c04bdee8422000e9531f610d2a49ac155626f6
CYCC_QUESTION_VIDEO,,第十屆,第七次定期會,第十屆 第七次定期會 質詢影音 BM68gN3iOyc,https://www.youtube.com/embed/BM68gN3iOyc,,其他,2026-05-21T07:26:08.471650+00:00,bfb1190d066e84e05ddce469bbc4df73bb48b2f576ca96a9cdf128067e9514c9
CYCC_QUESTION_VIDEO,,第十屆,第七次定期會,第十屆 第七次定期會 質詢影音 8-_Ef2T25h8,https://www.youtube.com/embed/8-_Ef2T25h8,,其他,2026-05-21T07:26:08.471650+00:00,ff33c396df06656e9ce38007d2f56136c44a3b432a6170a082f6bbae056358c1
CYCC_QUESTION_VIDEO,,第十屆,第七次定期會,第十屆 第七次定期會 質詢影音 5FGSowu7pcs,https://www.youtube.com/embed/5FGSowu7pcs,,其他,2026-05-21T07:26:08.471650+00:00,f54f3b2f9b4127005fc68b6edf847a126542689f04c1bd503ff7a22a75af0421
CYCC_QUESTION_VIDEO,,第十屆,第七次定期會,第十屆 第七次定期會 質詢影音 ko5oAEStcj4,https://www.youtube.com/embed/ko5oAEStcj4,,其他,2026-05-21T07:26:08.471650+00:00,b5ca63d5d6ba5473e12525ef9534bb7f624c27ba53875a7ecd65eb9fabe9543a
CYCC_QUESTION_VIDEO,,第十屆,第七次定期會,第十屆 第七次定期會 質詢影音 DfalGNC-xm8,https://www.youtube.com/embed/DfalGNC-xm8,,其他,2026-05-21T07:26:08.471650+00:00,317dc0c2c99fdac7c47ec404527c00cad4ade0ec7d609875b8471639ce47900d
CYCC_QUESTION_VIDEO,,第十屆,第七次定期會,第十屆 第七次定期會 質詢影音 DlT7r87aZyQ,https://www.youtube.com/embed/DlT7r87aZyQ,,其他,2026-05-21T07:26:08.471650+00:00,1e891d835dcf19d182b89a1e637f711a8ccd417c1eff11ad34c0fe1f9474a865
CYCC_QUESTION_VIDEO,,第十屆,第七次定期會,第十屆 第七次定期會 質詢影音 EGhV1dMaYhY,https://www.youtube.com/embed/EGhV1dMaYhY,,其他,2026-05-21T07:26:08.471650+00:00,eea89297d19f4b257b665a9af2b299efa184f8fc906082fd8d5e7ed7375b86ec
CYCC_QUESTION_VIDEO,,第十屆,第七次定期會,第十屆 第七次定期會 質詢影音 VEQBk-DdveQ,https://www.youtube.com/embed/VEQBk-DdveQ,,其他,2026-05-21T07:26:08.471650+00:00,a5e0273eef6e6fd4b01bf81995d9ae4d9a8fdeb8ffbfdb20c95b4ca2a2fec50d
CYCC_QUESTION_VIDEO,,第十屆,第七次定期會,第十屆 第七次定期會 質詢影音 jyiFdbuGlsw,https://www.youtube.com/embed/jyiFdbuGlsw,,其他,2026-05-21T07:26:08.471650+00:00,8b03d511db45ddfdf4024793a893d680c7c9fbb5b69aaf5a134ddc19a18c34e9
CYCC_QUESTION_VIDEO,,第十屆,第七次定期會,第十屆 第七次定期會 質詢影音 UVcCjOqoeoA,https://www.youtube.com/embed/UVcCjOqoeoA,,其他,2026-05-21T07:26:08.471650+00:00,4104eb68ed20c8c0a885eb052815d30f3737c16562812140ead75a83abed71b6
CYCC_QUESTION_VIDEO,,第十屆,第七次定期會,第十屆 第七次定期會 質詢影音 -SyWRRUCM6A,https://www.youtube.com/embed/-SyWRRUCM6A,,其他,2026-05-21T07:26:08.471650+00:00,4ea24b40857d24612c340aee98b7aade101d9553e2ab84309ae7032f7176e07b
CYCC_QUESTION_VIDEO,,第十屆,第七次定期會,第十屆 第七次定期會 質詢影音 cgeRv6xTcqw,https://www.youtube.com/embed/cgeRv6xTcqw,,其他,2026-05-21T07:26:08.471650+00:00,4f2771e34f4579785e7203bdbf84f59ad9a59be64a3c5e636f43af6898752770
CYCC_QUESTION_VIDEO,,第十屆,第七次定期會,第十屆 第七次定期會 質詢影音 ezDw5M43EgQ,https://www.youtube.com/embed/ezDw5M43EgQ,,其他,2026-05-21T07:26:08.471650+00:00,1c7686f1025776e0d10d33b2ffd9feb6f1223ccaf2afd8a3971b5df06afc146e
CYCC_QUESTION_VIDEO,,第十屆,第七次定期會,第十屆 第七次定期會 質詢影音 xqnEj7n9yVI,https://www.youtube.com/embed/xqnEj7n9yVI,,其他,2026-05-21T07:26:08.471650+00:00,72806aeac45093f58dc9e41a68bc56c22b96ee22a747ef18e0643fa631209f96
CYCC_QUESTION_VIDEO,,第十屆,第七次定期會,第十屆 第七次定期會 質詢影音 PM6qc_PAzsc,https://www.youtube.com/embed/PM6qc_PAzsc,,其他,2026-05-21T07:26:08.471650+00:00,f0be4732e8857c47fa40d61a69bdce670404d54dcb36ca776292d586aa8f413b
CYCC_QUESTION_VIDEO,,第十屆,第七次定期會,第十屆 第七次定期會 質詢影音 S_GOzrvmCvE,https://www.youtube.com/embed/S_GOzrvmCvE,,其他,2026-05-21T07:26:08.471650+00:00,259205631c2160a3dea7c3bc979c04ab4d467cef214e1c7362abf8aa9f873f10
CYCC_QUESTION_VIDEO,,第十屆,第七次定期會,第十屆 第七次定期會 質詢影音 ebfARrGVC5E,https://www.youtube.com/embed/ebfARrGVC5E,,其他,2026-05-21T07:26:08.471650+00:00,3fb32889ac48e35f2c51d12a6f1f353c791385a3f9b14c8118cd12ab7ad10690
CYCC_QUESTION_VIDEO,,第十屆,第七次定期會,第十屆 第七次定期會 質詢影音 rBaZhbzaoMw,https://www.youtube.com/embed/rBaZhbzaoMw,,其他,2026-05-21T07:26:08.471650+00:00,4154ccd1a0ec0b86ba58db49c9dd679b3288e0b0c42521b92f2833029085ad18
CYCC_QUESTION_VIDEO,,第十屆,第七次定期會,第十屆 第七次定期會 質詢影音 48UAKOJmlck,https://www.youtube.com/embed/48UAKOJmlck,,其他,2026-05-21T07:26:08.471650+00:00,e7d93d990a151ab70f3ed45b5ea28190002bb9bf982d5c089a8a668ddd000535
CYCC_QUESTION_VIDEO,,第十屆,第七次定期會,第十屆 第七次定期會 質詢影音 F5rPH3AUI_U,https://www.youtube.com/embed/F5rPH3AUI_U,,其他,2026-05-21T07:26:08.471650+00:00,3ed1483aaa3dc8fcca061e0e81a50d7038f0263ff5b51a9913f846e5943bd7ab
CYCC_QUESTION_VIDEO,,第十屆,第七次定期會,第十屆 第七次定期會 質詢影音 McJuPART7eI,https://www.youtube.com/embed/McJuPART7eI,,其他,2026-05-21T07:26:08.471650+00:00,b86976508073a2cd316d2c34556f10c234e8a4ac0910f8e4c7e60dadba0d9199
CYCC_QUESTION_VIDEO,,第十屆,第七次定期會,第十屆 第七次定期會 質詢影音 6KuNXEidlZ4,https://www.youtube.com/embed/6KuNXEidlZ4,,其他,2026-05-21T07:26:08.471650+00:00,db58de6661e00afb5445992f47bbe0686b35792187f5a4a7d323b501eb4d6461
CYCC_QUESTION_VIDEO,,第十屆,第七次定期會,第十屆 第七次定期會 質詢影音 Blnpppongn0,https://www.youtube.com/embed/Blnpppongn0,,其他,2026-05-21T07:26:08.471650+00:00,ece922af52cdd946d54f58e7c8a319fedf549495e92f1bc9f4c261be3ed03d60
CYCC_QUESTION_VIDEO,,第十屆,第七次定期會,第十屆 第七次定期會 質詢影音 dOPa4BgVbWg,https://www.youtube.com/embed/dOPa4BgVbWg,,其他,2026-05-21T07:26:08.471650+00:00,52b2eda1735f6e7b4ce8dfb3d52a95bd4822f12e7fa80523bf39218575738b15
CYCC_QUESTION_VIDEO,,第十屆,第七次定期會,第十屆 第七次定期會 質詢影音 RZG9HEADT34,https://www.youtube.com/embed/RZG9HEADT34,,其他,2026-05-21T07:26:08.471650+00:00,3252dcd59ef6f51256d8e41385cafd312c2f17660a0220de583abc6af79c3043
CYCC_QUESTION_VIDEO,,第十屆,第七次定期會,第十屆 第七次定期會 質詢影音 6l0RFt8pEI0,https://www.youtube.com/embed/6l0RFt8pEI0,,其他,2026-05-21T07:26:08.471650+00:00,5787e282feefb94d73e34068a6ba9f59422cc511188976d8a0c4f42dc274ea62
CYCC_QUESTION_VIDEO,,第十屆,第七次定期會,第十屆 第七次定期會 質詢影音 SotKr2UzUr0,https://www.youtube.com/embed/SotKr2UzUr0,,其他,2026-05-21T07:26:08.471650+00:00,b6f013dbc2a9e0c90ea82c1775ecbaf8a614b18d84b41df28abcd3c0bcfc3243
CYCC_QUESTION_VIDEO,,第十屆,第七次定期會,第十屆 第七次定期會 質詢影音 RRWF5_OuKEY,https://www.youtube.com/embed/RRWF5_OuKEY,,其他,2026-05-21T07:26:08.471650+00:00,5a5003321c354eca145b354a4007364250cb0eacad107470d81575e86f1e8c2d
CYCC_QUESTION_VIDEO,,第十屆,第七次定期會,第十屆 第七次定期會 質詢影音 4o1GWVatxxU,https://www.youtube.com/embed/4o1GWVatxxU,,其他,2026-05-21T07:26:08.471650+00:00,094930403265e0256186a16f42071e6c282768d85309deaba27432c89efbdc13
CYCC_QUESTION_VIDEO,,第十屆,第七次定期會,第十屆 第七次定期會 質詢影音 KH5xShUNYsI,https://www.youtube.com/embed/KH5xShUNYsI,,其他,2026-05-21T07:26:08.471650+00:00,4bde370f2d9e5033014f84266a7c3107d7035d9e80c47ef6d4f65da6a9dde6fb
CYCC_QUESTION_VIDEO,,第十屆,第七次定期會,第十屆 第七次定期會 質詢影音 Jj9M3xdLGUM,https://www.youtube.com/embed/Jj9M3xdLGUM,,其他,2026-05-21T07:26:08.471650+00:00,912025931ee71c38aa1ab17e8c68b47326e12a066c5a0365fd16895bf599e2be
CYCC_QUESTION_VIDEO,,第十屆,第七次定期會,第十屆 第七次定期會 質詢影音 mhnpMRUCFCQ,https://www.youtube.com/embed/mhnpMRUCFCQ,,其他,2026-05-21T07:26:08.471650+00:00,546a6f52c1e54d07e560ee91cde5623d4a8acd0faf47fec610e682a0f0faf624
CYCC_QUESTION_VIDEO,,第十屆,第七次定期會,第十屆 第七次定期會 質詢影音 qi3SrV1EHLE,https://www.youtube.com/embed/qi3SrV1EHLE,,其他,2026-05-21T07:26:08.471650+00:00,fdc8a0044e8239ad92259044085b9678d4f0486d20e43aa03502e838570fa5f8
CYCC_QUESTION_VIDEO,,第十屆,第七次定期會,第十屆 第七次定期會 質詢影音 FzgryGLjqzo,https://www.youtube.com/embed/FzgryGLjqzo,,其他,2026-05-21T07:26:08.471650+00:00,b9170490d0b115c0e240e1a8255baeac35c0bf04c2153a5d6689ae7f0bc13a9e
CYCC_QUESTION_VIDEO,,第十屆,第七次定期會,第十屆 第七次定期會 質詢影音 5Iyxb2tqluo,https://www.youtube.com/embed/5Iyxb2tqluo,,其他,2026-05-21T07:26:08.471650+00:00,6ce484d9a01a17680f55148221fa70e04035c0706633ae4f58ad25137d278af7
CYCC_QUESTION_VIDEO,,第十屆,第七次定期會,第十屆 第七次定期會 質詢影音 tubVIziaam8,https://www.youtube.com/embed/tubVIziaam8,,其他,2026-05-21T07:26:08.471650+00:00,fc248bb31ec92c99201c12964c43aaefaf6a88f8a1526bab3a68af972113236d
CYCC_QUESTION_VIDEO,,第十屆,第七次定期會,第十屆 第七次定期會 質詢影音 kt0vtiOUhqA,https://www.youtube.com/embed/kt0vtiOUhqA,,其他,2026-05-21T07:26:08.471650+00:00,e79f52af445c5835eb92b26da0fe70a092e6d025a5934b5b703e5a4d429367a0
CYCC_QUESTION_VIDEO,,第十屆,第七次定期會,第十屆 第七次定期會 質詢影音 iZHo8V3TzLM,https://www.youtube.com/embed/iZHo8V3TzLM,,其他,2026-05-21T07:26:08.471650+00:00,a6f894ec6ffd586f44123f9f754bf55bf313ccbbf01e27373839e2ead84c2bbc
CYCC_QUESTION_VIDEO,,第十屆,第七次定期會,第十屆 第七次定期會 質詢影音 ermYJGW2nXQ,https://www.youtube.com/embed/ermYJGW2nXQ,,其他,2026-05-21T07:26:08.471650+00:00,240fffabb82c2948414f46136c9e7703e0a94fee1a52bbd310cf64694888de4f
CYCC_QUESTION_VIDEO,,第十屆,第七次定期會,第十屆 第七次定期會 質詢影音 kqE7IlaZq6Q,https://www.youtube.com/embed/kqE7IlaZq6Q,,其他,2026-05-21T07:26:08.471650+00:00,f9acf1e6e560ab5e8121e2cee17e87583b833287ac7c69568e65222348d19ca1
CYCC_QUESTION_VIDEO,,第十屆,第七次定期會,第十屆 第七次定期會 質詢影音 ERcinc1-kDY,https://www.youtube.com/embed/ERcinc1-kDY,,其他,2026-05-21T07:26:08.471650+00:00,069b8e05214fa7398ed8e8d3549cbd64b94b673d28b2768def60ad98e712f9a9
CYCC_QUESTION_VIDEO,,第十屆,第七次定期會,第十屆 第七次定期會 質詢影音 _vW-8cl1LiA,https://www.youtube.com/embed/_vW-8cl1LiA,,其他,2026-05-21T07:26:08.471650+00:00,872045d781597a55e48ac1f1e9881bd55102afb450a8a11c970a19ca3b0599c7
CYCC_QUESTION_VIDEO,,第十屆,第七次定期會,第十屆 第七次定期會 質詢影音 zV1GOY-cpgA,https://www.youtube.com/embed/zV1GOY-cpgA,,其他,2026-05-21T07:26:08.471650+00:00,4a7cb353a11f07e1a8b26ba255adbd06235adba97e3c4cc4a4c6101f40a41da5
CYCC_QUESTION_VIDEO,,第十屆,第七次定期會,第十屆 第七次定期會 質詢影音 zEeMnfl4zds,https://www.youtube.com/embed/zEeMnfl4zds,,其他,2026-05-21T07:26:08.471650+00:00,70e8c1ea64e0185566455378f17ad385977c39c06302fc970d49aa37e041e5fd
CYCC_QUESTION_VIDEO,,第十屆,第七次定期會,第十屆 第七次定期會 質詢影音 O67GiRd3eKM,https://www.youtube.com/embed/O67GiRd3eKM,,其他,2026-05-21T07:26:08.471650+00:00,86607107fb8a0775ef1375d5ed36a173fe59e634f643326d854d1dd726a2fcd6
CYCC_QUESTION_VIDEO,,第十屆,第七次定期會,第十屆 第七次定期會 質詢影音 LRMsildYwhM,https://www.youtube.com/embed/LRMsildYwhM,,其他,2026-05-21T07:26:08.471650+00:00,83fbf1a95e61150be4786d6cbccfaf0a23492a76d59b83d4351acb2764d284d8
CYCC_QUESTION_VIDEO,,第十屆,第七次定期會,第十屆 第七次定期會 質詢影音 da6bSnLcdvk,https://www.youtube.com/embed/da6bSnLcdvk,,其他,2026-05-21T07:26:08.471650+00:00,3b5cab817fc1b5526b3f900ac98a0ba24098314ee1f31b09236ef1db63223bdd
CYCC_QUESTION_VIDEO,,第十屆,第七次定期會,第十屆 第七次定期會 質詢影音 ADVHvFfhrDQ,https://www.youtube.com/embed/ADVHvFfhrDQ,,其他,2026-05-21T07:26:08.471650+00:00,6c1f75f89297830ed23bae4e7bd3eeff7fdf7d8deaa62895c7e82612335a924a
CYCC_QUESTION_VIDEO,,第十屆,第七次定期會,第十屆 第七次定期會 質詢影音 bIl-qDBWzWo,https://www.youtube.com/embed/bIl-qDBWzWo,,其他,2026-05-21T07:26:08.471650+00:00,eb01db93afb6714a08674800638c342691fa6b3273e52e3805735279ae51254a
CYCC_QUESTION_VIDEO,,第十屆,第七次定期會,第十屆 第七次定期會 質詢影音 QmOC3iRakn0,https://www.youtube.com/embed/QmOC3iRakn0,,其他,2026-05-21T07:26:08.471650+00:00,5d919e08292434cb0a190a6b408132f8e6535409b32b6e741823929e45914206
CYCC_QUESTION_VIDEO,,第十屆,第七次定期會,第十屆 第七次定期會 質詢影音 L5MSufYz-2E,https://www.youtube.com/embed/L5MSufYz-2E,,其他,2026-05-21T07:26:08.471650+00:00,9c3e40babca3f1fb2945799be9b2dd2275993e2191354405771868fd539a11b5
CYCC_QUESTION_VIDEO,,第十屆,第七次定期會,第十屆 第七次定期會 質詢影音 M6KySv91O_Y,https://www.youtube.com/embed/M6KySv91O_Y,,其他,2026-05-21T07:26:08.471650+00:00,ef39c1ab9534a093bac87cd27c3f377b00c735a1d64afa8dcee938a2579b4ece
CYCC_QUESTION_VIDEO,,第十屆,第七次定期會,第十屆 第七次定期會 質詢影音 zJOgypP6Yg8,https://www.youtube.com/embed/zJOgypP6Yg8,,其他,2026-05-21T07:26:08.471650+00:00,8cd867d32adb9083899f42336cc078b9c79f56acae3ec7d533f697af34915249
CYCC_QUESTION_VIDEO,,第十屆,第七次定期會,第十屆 第七次定期會 質詢影音 V53o5S86HkI,https://www.youtube.com/embed/V53o5S86HkI,,其他,2026-05-21T07:26:08.471650+00:00,5409261460c73e46283264c7d67fac7a04ea306ce826070369ff4904577a9bd6
CYCC_QUESTION_VIDEO,,第十屆,第七次定期會,第十屆 第七次定期會 質詢影音 hdnhCozUwx4,https://www.youtube.com/embed/hdnhCozUwx4,,其他,2026-05-21T07:26:08.471650+00:00,771fa98b5a637a843deb826607c5f52301b7f007cc669bc6839287d983b5f078
CYCC_QUESTION_VIDEO,,第十屆,第七次定期會,第十屆 第七次定期會 質詢影音 Yfsn_-fawh8,https://www.youtube.com/embed/Yfsn_-fawh8,,其他,2026-05-21T07:26:08.471650+00:00,c645c5311d2db113cd40daaf46a0c5dbcad05b167623350c4d35c3aba5797640
CYCC_QUESTION_VIDEO,,第十屆,第七次定期會,第十屆 第七次定期會 質詢影音 RoICTNJen1E,https://www.youtube.com/embed/RoICTNJen1E,,其他,2026-05-21T07:26:08.471650+00:00,a98f44a9a5bfc152592bea6c3cb7efdb4356777ded65ebeae45398f1430fac73
CYCC_QUESTION_VIDEO,,第十屆,第七次定期會,第十屆 第七次定期會 質詢影音 juEEVYbInzg,https://www.youtube.com/embed/juEEVYbInzg,,其他,2026-05-21T07:26:08.471650+00:00,5c4914616d46dffdd5bc994be8d079816ce169e06172830c6fb8af789d3f7c12
CYCC_QUESTION_VIDEO,,第十屆,第七次定期會,第十屆 第七次定期會 質詢影音 gKehZ0fCKzk,https://www.youtube.com/embed/gKehZ0fCKzk,,其他,2026-05-21T07:26:08.471650+00:00,8f56e90bf60b8181e1c1bc56ca6da551fc8df8d58a0a8cbf8d02f4a36eb3b961
CYCC_QUESTION_VIDEO,,第十屆,第七次定期會,第十屆 第七次定期會 質詢影音 r9pZt55cC9I,https://www.youtube.com/embed/r9pZt55cC9I,,其他,2026-05-21T07:26:08.471650+00:00,aa9d7a23c3a989fa831db5a11ce9b552d61648c06b73a849a75e16e7c6155a1c
CYCC_QUESTION_VIDEO,,第十屆,第七次定期會,第十屆 第七次定期會 質詢影音 vRGeIXKpAE8,https://www.youtube.com/embed/vRGeIXKpAE8,,其他,2026-05-21T07:26:08.471650+00:00,7e20bb0cb015440f9ec0ec7b1e132b89d4dd4698fb14ca3227e44ce1f7a9815f
CYCC_QUESTION_VIDEO,,第十屆,第七次定期會,第十屆 第七次定期會 質詢影音 f7l51KJJHzc,https://www.youtube.com/embed/f7l51KJJHzc,,其他,2026-05-21T07:26:08.471650+00:00,1e08ccba9f7b95be8761b456dfdef74114d7b3f38794eecd94935d5ade1e813f
CYCC_QUESTION_VIDEO,,第十屆,第七次定期會,第十屆 第七次定期會 質詢影音 uQDcHlOqL7E,https://www.youtube.com/embed/uQDcHlOqL7E,,其他,2026-05-21T07:26:08.471650+00:00,07c4d1739262f500ef16bf5bc00d3b90495f2696b80f8426f238721320c70b30
CYCC_QUESTION_VIDEO,,第十屆,第七次定期會,第十屆 第七次定期會 質詢影音 P4keCrnpwzo,https://www.youtube.com/embed/P4keCrnpwzo,,其他,2026-05-21T07:26:08.471650+00:00,dae5ef812f75a86b5a388afc13ff5936cb5c34543ddb8a48ee164c07bd1fdfd3
CYCC_QUESTION_VIDEO,,第十屆,第七次定期會,第十屆 第七次定期會 質詢影音 5H6H_iE_vuY,https://www.youtube.com/embed/5H6H_iE_vuY,,其他,2026-05-21T07:26:08.471650+00:00,d2f7d36d4d254bd9fe2122a5fea52d4944b83698872fc3c2e57992a4f25c3e20
CYCC_QUESTION_VIDEO,,第十屆,第七次定期會,第十屆 第七次定期會 質詢影音 tCjxN1W4lpE,https://www.youtube.com/embed/tCjxN1W4lpE,,其他,2026-05-21T07:26:08.471650+00:00,777739fc1cead28e5a9658485a2ba3082f6ee8647b24d4d3b7ed0bd6fd53a272
CYCC_QUESTION_VIDEO,,第十屆,第七次定期會,第十屆 第七次定期會 質詢影音 imS9Vnja2AM,https://www.youtube.com/embed/imS9Vnja2AM,,其他,2026-05-21T07:26:08.471650+00:00,bba52c48877ba98a8655af520ad8845d57573900b521e80b8d4cd0e9c9ded588
CYCC_QUESTION_VIDEO,,第十屆,第七次定期會,第十屆 第七次定期會 質詢影音 q1V-TopmnXQ,https://www.youtube.com/embed/q1V-TopmnXQ,,其他,2026-05-21T07:26:08.471650+00:00,3ce7be205f85ce7a62ef62fe6f82a2013fafc6fd63e28a9cf6d70abee91c33e5
CYCC_QUESTION_VIDEO,,第十屆,第七次定期會,第十屆 第七次定期會 質詢影音 IzZ3l9RFhJI,https://www.youtube.com/embed/IzZ3l9RFhJI,,其他,2026-05-21T07:26:08.471650+00:00,671d6d31f334eb357ee22a72758cc8cda7af94667257ced3c5a90daad4a76a6a
CYCC_QUESTION_VIDEO,,第十屆,第七次定期會,第十屆 第七次定期會 質詢影音 hIiV_L4UFPs,https://www.youtube.com/embed/hIiV_L4UFPs,,其他,2026-05-21T07:26:08.471650+00:00,2f874a4067b604d15a26e3d700d0b58ad1afed7d5bbe36ec1fd0b206de308092
CYCC_QUESTION_VIDEO,,第十屆,第七次定期會,第十屆 第七次定期會 質詢影音 TlhHvIc7bhA,https://www.youtube.com/embed/TlhHvIc7bhA,,其他,2026-05-21T07:26:08.471650+00:00,063ee3192028020b1c38318a065c89aadbaab7a85119a0f9d8d6b638a280cdc0
CYCC_QUESTION_VIDEO,,第十屆,第七次定期會,第十屆 第七次定期會 質詢影音 76Tgi3ExLV0,https://www.youtube.com/embed/76Tgi3ExLV0,,其他,2026-05-21T07:26:08.471650+00:00,af053fff5850a486ae83c41e785ec2cf0904c8e8385df49ffa42ee2d4241cf31
CYCC_QUESTION_VIDEO,,第十屆,第七次定期會,第十屆 第七次定期會 質詢影音 HNCwXE2WE8g,https://www.youtube.com/embed/HNCwXE2WE8g,,其他,2026-05-21T07:26:08.471650+00:00,0185d941afeca5530d801e268da699ad23733ad807aae790ee4ae67308d3096f
CYCC_QUESTION_VIDEO,,第十屆,第七次定期會,第十屆 第七次定期會 質詢影音 c8ztRGf5U-M,https://www.youtube.com/embed/c8ztRGf5U-M,,其他,2026-05-21T07:26:08.471650+00:00,2a3a9f8893d6a60da9b86736d4dfdb620ac6dbf4541e8066f1f81f03b33e2c4f
CYCC_QUESTION_VIDEO,,第十屆,第七次定期會,第十屆 第七次定期會 質詢影音 5z1v0dbbzA0,https://www.youtube.com/embed/5z1v0dbbzA0,,其他,2026-05-21T07:26:08.471650+00:00,d9c32a70e6553b5c9020a5b31779044b1696535b5661123a38958cf14f9ad467
CYCC_QUESTION_VIDEO,,第十屆,第七次定期會,第十屆 第七次定期會 質詢影音 4u0bEPyTOCE,https://www.youtube.com/embed/4u0bEPyTOCE,,其他,2026-05-21T07:26:08.471650+00:00,55d7ef2d4b015edc66bf27c54adb16ce7fd75b6e83918e35204c5435667cd0b7
CYCC_QUESTION_VIDEO,,第十屆,第七次定期會,第十屆 第七次定期會 質詢影音 cExH_NfAEEI,https://www.youtube.com/embed/cExH_NfAEEI,,其他,2026-05-21T07:26:08.471650+00:00,b22c686220db0e35537fc56da76d7ca7397aea4bfcb14e4ee00bc78c147ad8c8
CYCC_QUESTION_VIDEO,,第十屆,第七次定期會,第十屆 第七次定期會 質詢影音 FqhrlZJspbc,https://www.youtube.com/embed/FqhrlZJspbc,,其他,2026-05-21T07:26:08.471650+00:00,ac612b32d1c71a6c6e3f84fcdfefd57bfc80c9992e12e1060209f192c6aeef3e
CYCC_QUESTION_VIDEO,,第十屆,第七次定期會,第十屆 第七次定期會 質詢影音 IBWUhMNVNOI,https://www.youtube.com/embed/IBWUhMNVNOI,,其他,2026-05-21T07:26:08.471650+00:00,f7d5dad94cc190626f31520a78a840a4ba997d100ee851b8dc37f8fc29d8c5eb
CYCC_QUESTION_VIDEO,,第十屆,第七次定期會,第十屆 第七次定期會 質詢影音 9BiTOiRi3co,https://www.youtube.com/embed/9BiTOiRi3co,,其他,2026-05-21T07:26:08.471650+00:00,de73476ee752532053c31c1426e18623650f14275dce76558f65b4756a763ea7
CYCC_QUESTION_VIDEO,,第十屆,第七次定期會,第十屆 第七次定期會 質詢影音 1g4I6wsaut4,https://www.youtube.com/embed/1g4I6wsaut4,,其他,2026-05-21T07:26:08.471650+00:00,1e6b0003de1d86131e7e4d89f05f164e351a91c56855325a55b883ad1d74f0d7
CYCC_QUESTION_VIDEO,,第十屆,第七次定期會,第十屆 第七次定期會 質詢影音 DptWF1IDIQo,https://www.youtube.com/embed/DptWF1IDIQo,,其他,2026-05-21T07:26:08.471650+00:00,4b5cd5a27075c5ff702a7fb18672f8e6329237635fd8d1bb3842941aa4fe8569
CYCC_QUESTION_VIDEO,,第十屆,第七次定期會,第十屆 第七次定期會 質詢影音 tDBSER-BHzU,https://www.youtube.com/embed/tDBSER-BHzU,,其他,2026-05-21T07:26:08.471650+00:00,666901081200b2b32636dc61b14b7bb6c80b0d351982f69153f759c0a74fe4cb
CYCC_QUESTION_VIDEO,,第十屆,第七次定期會,第十屆 第七次定期會 質詢影音 TAOytJn72DQ,https://www.youtube.com/embed/TAOytJn72DQ,,其他,2026-05-21T07:26:08.471650+00:00,03b7f448e4211ee66319101af4594fa8d96650645361de2e78f12648c63e0168
CYCC_QUESTION_VIDEO,,第十屆,第七次定期會,第十屆 第七次定期會 質詢影音 wJ980fhFIP4,https://www.youtube.com/embed/wJ980fhFIP4,,其他,2026-05-21T07:26:08.471650+00:00,6af1d45c3a5df5f06cabff4c52c11b95e7f1361ace1b92c66b159108641add16
CYCC_QUESTION_VIDEO,,第十屆,第七次定期會,第十屆 第七次定期會 質詢影音 QOVgGKJ_zxw,https://www.youtube.com/embed/QOVgGKJ_zxw,,其他,2026-05-21T07:26:08.471650+00:00,9f2a302274246b686321a07af4a2035c110469038d0a3410f41b3e6c51f42eb4
CYCC_QUESTION_VIDEO,,第十屆,第七次定期會,第十屆 第七次定期會 質詢影音 G5SR06cdq18,https://www.youtube.com/embed/G5SR06cdq18,,其他,2026-05-21T07:26:08.471650+00:00,4b42906211e9c3eda0c38a1eb0d7cfd02219ba718086205aa31c700e6ef40049
CYCC_QUESTION_VIDEO,,第十屆,第七次定期會,第十屆 第七次定期會 質詢影音 _eCN-0aMWqQ,https://www.youtube.com/embed/_eCN-0aMWqQ,,其他,2026-05-21T07:26:08.471650+00:00,d3d39352f6fbf20b34a3e8f569e707a6f21d9211c8f7d16f0a8436a0d7385bfa
CYCC_QUESTION_VIDEO,,第十屆,第七次定期會,第十屆 第七次定期會 質詢影音 EXAFfZ7ooLA,https://www.youtube.com/embed/EXAFfZ7ooLA,,其他,2026-05-21T07:26:08.471650+00:00,31fdb1ff51bf2c47dff766aa3da2bd232e337c2460fca5caa519068d386e5783
CYCC_QUESTION_VIDEO,,第十屆,第七次定期會,第十屆 第七次定期會 質詢影音 Lr1dPAwpSbc,https://www.youtube.com/embed/Lr1dPAwpSbc,,其他,2026-05-21T07:26:08.471650+00:00,7da02cd41f7ce3d494624a725be1af990367a55373b7765cefb05f4602dbbe3b
CYCC_QUESTION_VIDEO,,第十屆,第七次定期會,第十屆 第七次定期會 質詢影音 Ja9SEbbgNNU,https://www.youtube.com/embed/Ja9SEbbgNNU,,其他,2026-05-21T07:26:08.471650+00:00,791ad1bb607969d50887f792b063f74637e854478ad487aa46cdac109476d76c
CYCC_QUESTION_VIDEO,,第十屆,第七次定期會,第十屆 第七次定期會 質詢影音 o31pTeJQaBU,https://www.youtube.com/embed/o31pTeJQaBU,,其他,2026-05-21T07:26:08.471650+00:00,8512dc3da53071049473f21b0b62ec8283773d44dc5bb49ca9aaf2db56c62a88
CYCC_QUESTION_VIDEO,,第十屆,第七次定期會,第十屆 第七次定期會 質詢影音 zIl77r5pJF8,https://www.youtube.com/embed/zIl77r5pJF8,,其他,2026-05-21T07:26:08.471650+00:00,8662619a7fd13624955607e45c896e9bf052eb6245120b91239db2233eb218f4
CYCC_QUESTION_VIDEO,,第十屆,第七次定期會,第十屆 第七次定期會 質詢影音 hBGum82u3Os,https://www.youtube.com/embed/hBGum82u3Os,,其他,2026-05-21T07:26:08.471650+00:00,3a74cf992dcfe3978340c5ddc40cd56c0af85b219ce4a877d1fba13112a3d1cf
CYCC_QUESTION_VIDEO,,第十屆,第七次定期會,第十屆 第七次定期會 質詢影音 OyGvA-TvORs,https://www.youtube.com/embed/OyGvA-TvORs,,其他,2026-05-21T07:26:08.471650+00:00,2ac8ec3e38770377153d45d6364967885328471874b5fbb2c25429a91e9573ad
CYCC_QUESTION_VIDEO,,第十屆,第七次定期會,第十屆 第七次定期會 質詢影音 L4YIEDfPl0k,https://www.youtube.com/embed/L4YIEDfPl0k,,其他,2026-05-21T07:26:08.471650+00:00,bf3e9b25214f087a5e42e60d443e8036822be0d591ebc2a06167c003361ef93d
CYCC_QUESTION_VIDEO,,第十屆,第七次定期會,第十屆 第七次定期會 質詢影音 eG8p3Xhaevk,https://www.youtube.com/embed/eG8p3Xhaevk,,其他,2026-05-21T07:26:08.471650+00:00,5f56a6c046b7ac6f1c1c840bd26bf319947ad4d35b1fe8005b4d5bf5d0e9d3b0
CYCC_QUESTION_VIDEO,,第十屆,第七次定期會,第十屆 第七次定期會 質詢影音 X4PdwIUV61s,https://www.youtube.com/embed/X4PdwIUV61s,,其他,2026-05-21T07:26:08.471650+00:00,7e1e7d104662ef85354bbb2fef7890e433162add218022979e59c456530cafc1
CYCC_QUESTION_VIDEO,,第十屆,第七次定期會,第十屆 第七次定期會 質詢影音 ql3dPxdeUcQ,https://www.youtube.com/embed/ql3dPxdeUcQ,,其他,2026-05-21T07:26:08.471650+00:00,ade6463dc4c1aceb672f221ba88680a9b9bdfb8bffa1e159213c118a12c29371
CYCC_QUESTION_VIDEO,,第十屆,第七次定期會,第十屆 第七次定期會 質詢影音 RqHgG21zOPI,https://www.youtube.com/embed/RqHgG21zOPI,,其他,2026-05-21T07:26:08.471650+00:00,a022446e4bb86bde69fc4988c175e16007f0512407f88111f1e3c62261b58a4f
CYCC_QUESTION_VIDEO,,第十屆,第七次定期會,第十屆 第七次定期會 質詢影音 b5A7WgKsHHE,https://www.youtube.com/embed/b5A7WgKsHHE,,其他,2026-05-21T07:26:08.471650+00:00,678f3889d9b1c9af7afa8bab1666b7ff8525821a9cc5080e326539491fdfd7f0
CYCC_QUESTION_VIDEO,,第十屆,第七次定期會,第十屆 第七次定期會 質詢影音 2tihKV0zeOE,https://www.youtube.com/embed/2tihKV0zeOE,,其他,2026-05-21T07:26:08.471650+00:00,1a22b268c7655aa02cec4682f79836644c31f855c269103ea1387f939d1e9ddd
CYCC_QUESTION_VIDEO,,第十屆,第七次定期會,第十屆 第七次定期會 質詢影音 n1vYicVw_tI,https://www.youtube.com/embed/n1vYicVw_tI,,其他,2026-05-21T07:26:08.471650+00:00,b92028c99903e8ea1a44df0d1e04e3bd6f8c46675a01d004a945c57696a0ced0
CYCC_QUESTION_VIDEO,,第十屆,第七次定期會,第十屆 第七次定期會 質詢影音 -ilAk_Hy1l0,https://www.youtube.com/embed/-ilAk_Hy1l0,,其他,2026-05-21T07:26:08.471650+00:00,6cc0af0fd67ccccc9eae8ff5c72be70388a01947ebf314594cda843bbed2f32d
CYCC_QUESTION_VIDEO,,第十屆,第七次定期會,第十屆 第七次定期會 質詢影音 RB0ybDujKz4,https://www.youtube.com/embed/RB0ybDujKz4,,其他,2026-05-21T07:26:08.471650+00:00,1dde3290a8407902ec6c385b49ccb1ce5e14e014d78b5a8e14a4049529db35ce
CYCC_QUESTION_VIDEO,,第十屆,第七次定期會,第十屆 第七次定期會 質詢影音 9hPGDbLALxg,https://www.youtube.com/embed/9hPGDbLALxg,,其他,2026-05-21T07:26:08.471650+00:00,6fc016cc90e29c1a05cb8d05b5a8578da57b9edce4a7ffd09edbe454d4c34e02
CYCC_QUESTION_VIDEO,,第十屆,第七次定期會,第十屆 第七次定期會 質詢影音 YhPlFhx8Uls,https://www.youtube.com/embed/YhPlFhx8Uls,,其他,2026-05-21T07:26:08.471650+00:00,7dd8ff7e933d13cbee9355f73dbe6c395514f6f00afb8b8b25cf9c273c25de68
CYCC_QUESTION_VIDEO,,第十屆,第七次定期會,第十屆 第七次定期會 質詢影音 fUNXwWzlmgE,https://www.youtube.com/embed/fUNXwWzlmgE,,其他,2026-05-21T07:26:08.471650+00:00,4d5bc394cc4f253ea82bebd8c5794fc835777d1c43b3da5a9a278c544ff06e42
CYCC_QUESTION_VIDEO,,第十屆,第七次定期會,第十屆 第七次定期會 質詢影音 LEXrIj_2td8,https://www.youtube.com/embed/LEXrIj_2td8,,其他,2026-05-21T07:26:08.471650+00:00,5ed99ffea3598074ad664042dc7b1c93d1b1bbfeafcf25d5a3a0e8dea8da7c0d
CYCC_QUESTION_VIDEO,,第十屆,第七次定期會,第十屆 第七次定期會 質詢影音 k5_uG5xlRQE,https://www.youtube.com/embed/k5_uG5xlRQE,,其他,2026-05-21T07:26:08.471650+00:00,114098373a5b1ac6ed12f77f2da6b403e36ae4cdb6dacf599a7bb7e2b23e7817
CYCC_QUESTION_VIDEO,,第十屆,第七次定期會,第十屆 第七次定期會 質詢影音 2eg4Yg6Tf04,https://www.youtube.com/embed/2eg4Yg6Tf04,,其他,2026-05-21T07:26:08.471650+00:00,d43cb0a81860eb60ab237126d4f73a698462e6647ebd74bc0b0f6f823132ce14
CYCC_QUESTION_VIDEO,,第十屆,第七次定期會,第十屆 第七次定期會 質詢影音 rti_Dsa_tNk,https://www.youtube.com/embed/rti_Dsa_tNk,,其他,2026-05-21T07:26:08.471650+00:00,aa8fda085982c950821e34c96114c4d6f067e7d4d7d84c1fb24e7770fa7cb378
CYCC_QUESTION_VIDEO,,第十屆,第七次定期會,第十屆 第七次定期會 質詢影音 mYu0qgAgK5s,https://www.youtube.com/embed/mYu0qgAgK5s,,其他,2026-05-21T07:26:08.471650+00:00,4b6dfaba0d6b5797c73b3f9ed2ff961f0c67570d387121fd1d8ceffb53badf07
CYCC_QUESTION_VIDEO,,第十屆,第七次定期會,第十屆 第七次定期會 質詢影音 7cnpy9jRO5s,https://www.youtube.com/embed/7cnpy9jRO5s,,其他,2026-05-21T07:26:08.471650+00:00,60c653ad7e345c2186b9ee59c3b7e93718d2c1d664a0bba78cea671751e85fe1
CYCC_QUESTION_VIDEO,,第十屆,第七次定期會,第十屆 第七次定期會 質詢影音 J_feidyrMqc,https://www.youtube.com/embed/J_feidyrMqc,,其他,2026-05-21T07:26:08.471650+00:00,86647ebbf0711c2aa8af8695e8bbea53f41069bde170f0c3f1c9bab2d559368b
CYCC_QUESTION_VIDEO,,第十屆,第七次定期會,第十屆 第七次定期會 質詢影音 owwHgm9Sz6c,https://www.youtube.com/embed/owwHgm9Sz6c,,其他,2026-05-21T07:26:08.471650+00:00,6c08b6dd46d983e2445a13fb17b8f2af55dded588e20820b812272c5bbdbf21f
CYCC_QUESTION_VIDEO,,第十屆,第七次定期會,第十屆 第七次定期會 質詢影音 HhaZA30QWlU,https://www.youtube.com/embed/HhaZA30QWlU,,其他,2026-05-21T07:26:08.471650+00:00,09b18f3b827d123e94aa1dc1e36c960be4ab0d0e02beb875c5e71b69c336e4bd
